iteration	true_alpha	estimated_alpha	before_AUC	after_AUC	before_APS	after_APS	before_BS	after_BS	before_f1	after_f1	before_mcc	after_mcc	before_accuracy	after_accuracy
0	0.01	0.0086	0.9953085509641875	0.9957149531680441	0.9723861555091572	0.974702870193419	0.017659222114395565	0.017315137246851544	0.9144199154532644	0.9224670415783166	0.9058795907646007	0.9140989926081605	0.9834363636363637	0.9847090909090909
0	0.05	0.0431	0.9938022807017545	0.9963464140350876	0.9715418197850616	0.9821315078061857	0.024956286213004632	0.020442942679214097	0.8948574702764647	0.9323739089879406	0.8828700619966549	0.9216889128327687	0.9733090909090909	0.9815454545454545
0	0.1	0.089	0.9908868177777779	0.9953029722222223	0.9692478005036333	0.9827058400516295	0.03757645897058396	0.02557883965586705	0.8546786922209696	0.9305479383756294	0.8369249866117776	0.9150660317841792	0.9531272727272727	0.9746727272727272
0	0.2	0.1808	0.9825341716666667	0.9939251108333333	0.9610758137128343	0.985646180204552	0.07263127641273484	0.03419315104258669	0.7665284215662357	0.9379219060225017	0.7325595089304898	0.9144550248429409	0.8956	0.9658909090909091
0	0.3	0.2843	0.9688963178571429	0.9880629107142858	0.9516736485492975	0.9805262111340032	0.1160140970046586	0.05041415747515848	0.6770190413657255	0.924920794754034	0.626726122687655	0.881163463457434	0.8211272727272727	0.9444181818181818
0	0.4	0.3871	0.9565433873333333	0.9817465086666666	0.951065651452335	0.9787901836323767	0.1593055499050611	0.06380291121170283	0.6082499930742168	0.9234537660747091	0.5399120924072723	0.8584341897104576	0.742890909090909	0.9295454545454546
0	0.5	0.4861	0.9360315213333332	0.9741512693333332	0.9470149123647896	0.9776282453069342	0.20977824337031667	0.07371348496204368	0.5333041191936897	0.9241840228953333	0.44720619438629905	0.831817859221952	0.6514545454545455	0.9166727272727273
