iteration	true_alpha	estimated_alpha	before_AUC	after_AUC	before_APS	after_APS	before_BS	after_BS	before_f1	after_f1	before_mcc	after_mcc	before_accuracy	after_accuracy
0	0.01	0.0153	0.999350387070322	0.999264948720571	0.9998419006752614	0.9998200831568338	0.007422410415220927	0.007002757774059673	0.9937296212691247	0.9939829516964733	0.9676364074739778	0.9688729727304084	0.9898853674983142	0.9902899527983816
0	0.05	0.0549	0.9990542555217685	0.9993292767025042	0.99977477111693	0.9998392062766486	0.010030997047600255	0.007786898133259386	0.9917050691244239	0.993225725516434	0.9577229324680306	0.9650985005921195	0.9866486850977748	0.9890761968981794
0	0.1	0.1083	0.9991223950978911	0.999249526424082	0.9997914805273409	0.9998220781122441	0.010411450996204394	0.008216342474686774	0.9917854149203688	0.9933143907738593	0.9582525529804151	0.9654110434275734	0.9867835468644639	0.9892110586648685
0	0.2	0.2043	0.9975399384703145	0.998553763884758	0.9993583987590564	0.9996296325994009	0.01758984716638601	0.009161017484666537	0.9861673414304993	0.9928995071422604	0.9324057128995792	0.9631842951813492	0.9778826702629805	0.9885367498314228
0	0.3	0.3094	0.9956516160690242	0.998891940249215	0.998896811418565	0.9997355369377339	0.03401172187434418	0.009658621309533303	0.972248313551362	0.9920681305836185	0.8736782907186632	0.9587743317046672	0.9561699258260283	0.9871881321645314
0	0.4	0.3863	0.9929683710395777	0.9983966675642482	0.9981678655677253	0.999608271446963	0.06701747416455935	0.01015884159112029	0.9396506087877183	0.9917396745932414	0.7693195149667205	0.9569418753292792	0.9077545515846258	0.9866486850977748
0	0.5	0.49110000000000004	0.9853265351694036	0.9936552203124897	0.9961724698993537	0.9983043786241359	0.12317833834083096	0.018475913623565828	0.8785900783289817	0.9853382205931355	0.6322190773810767	0.9230955710762544	0.824409979770735	0.9762643290627108
