iteration	true_alpha	estimated_alpha	before_AUC	after_AUC	before_APS	after_APS	before_BS	after_BS	before_f1	after_f1	before_mcc	after_mcc	before_accuracy	after_accuracy
0	0.01	0.017	0.9927376172196011	0.993052126771025	0.9975124993786175	0.9976250068963453	0.03293164106788711	0.032088076460876906	0.9674776187345102	0.9696572580645162	0.8832265786968533	0.8894633314614875	0.9527587980310044	0.9557710675189185
0	0.05	0.0633	0.9925849294868185	0.9926885565314458	0.9974086434004918	0.9974757587460001	0.03546316113283727	0.03235725985111405	0.966112012987013	0.968947844437745	0.8799057670677445	0.8853660998724603	0.9509220483432518	0.9545955477187569
0	0.1	0.1281	0.9921889556573754	0.9924342030608153	0.9972596921904529	0.9973409270102471	0.04122136185654924	0.031291269070427674	0.9640749033177284	0.9719654190195393	0.8743508832739513	0.8944033558629289	0.9481301888178679	0.9587833370068327
0	0.2	0.22269999999999998	0.9908174978824891	0.9911159667463237	0.9966264914622092	0.9967615191274186	0.056613236071034	0.033391377128243575	0.9578245253976398	0.9700604788324086	0.8576350923832348	0.8872895139261435	0.939607670266696	0.9559914774814489
0	0.3	0.2893	0.990259113842371	0.9913040700758102	0.9964440436365559	0.9969127704153737	0.07711660990518705	0.034552114035740676	0.9430512016718914	0.9677549375251915	0.821800093606223	0.8822412125263815	0.9199177136139887	0.9529792079935346
0	0.4	0.3647	0.988710297897283	0.9893224357524931	0.9957555560688682	0.9960751036904175	0.10388189593856302	0.039173347042662496	0.8826716797522945	0.9660400242571254	0.6977324009146983	0.8774996665640739	0.8440966865035633	0.9506281683932114
