iteration	true_alpha	estimated_alpha	before_AUC	after_AUC	before_APS	after_APS	before_BS	after_BS	before_f1	after_f1	before_mcc	after_mcc	before_accuracy	after_accuracy
0	0.5	0.4656	0.9313891182222221	0.9745441324444445	0.9612223955839045	0.9853055509669284	0.1787246971843875	0.08260724652716686	0.7326074562318357	0.9314103219793833	0.5540816537200112	0.817092946217898	0.7253	0.9137857142857143
